Workbook

Sheet Dashboard
A1: SALES DATA ANALYSIS DASHBOARD
A3: Total Sales | C3: Total Orders | E3: Total Quantity | G3: Average Order Value
A4: =SUM('Raw Data'!H2:H61) | C4: =COUNTA('Raw Data'!A2:A61) | E4: =SUM('Raw Data'!F2:F61) | G4: =AVERAGE('Raw Data'!H2:H61)

Sheet Raw Data
A1: Order ID | B1: Date | C1: Product | D1: Category | E1: Region | F1: Quantity | G1: Price | H1: Sales
A2: 1001 | B2: 46085 | C2: Smartphone | D2: Electronics | E2: South | F2: 1 | G2: 25000 | H2: =F2*G2
A3: 1002 | B3: 46045 | C3: Monitor | D3: Electronics | E3: West | F3: 2 | G3: 15500 | H3: =F3*G3
A4: 1003 | B4: 46078 | C4: Laptop | D4: Electronics | E4: South | F4: 1 | G4: 54500 | H4: =F4*G4
A5: 1004 | B5: 46130 | C5: Laptop | D5: Electronics | E5: South | F5: 4 | G5: 55500 | H5: =F5*G5
A6: 1005 | B6: 46063 | C6: Office Chair | D6: Furniture | E6: West | F6: 5 | G6: 8000 | H6: =F6*G6
A7: 1006 | B7: 46078 | C7: Headphones | D7: Accessories | E7: East | F7: 5 | G7: 2200 | H7: =F7*G7
A8: 1007 | B8: 46047 | C8: Smartphone | D8: Electronics | E8: East | F8: 2 | G8: 25000 | H8: =F8*G8
A9: 1008 | B9: 46140 | C9: Headphones | D9: Accessories | E9: North | F9: 5 | G9: 1700 | H9: =F9*G9
A10: 1009 | B10: 46098 | C10: Printer | D10: Office | E10: East | F10: 2 | G10: 12500 | H10: =F10*G10
A11: 1010 | B11: 46192 | C11: Keyboard | D11: Accessories | E11: South | F11: 2 | G11: 1300 | H11: =F11*G11
A12: 1011 | B12: 46048 | C12: Mouse | D12: Accessories | E12: West | F12: 2 | G12: 900 | H12: =F12*G12
A13: 1012 | B13: 46064 | C13: Mouse | D13: Accessories | E13: East | F13: 8 | G13: 900 | H13: =F13*G13
... A61: 1060 | B61: 46057 | C61: Laptop | D61: Electronics | E61: East | F61: 5 | G61: 54500 | H61: =F61*G61

Sheet Cleaned Data
A1: Order ID | B1: Date | C1: Product | D1: Category | E1: Region | F1: Quantity | G1: Price | H1: Sales
A2: 1001 | B2: 46085 | C2: Smartphone | D2: Electronics | E2: South | F2: 1 | G2: 25000 | H2: =F2*G2
A3: 1002 | B3: 46045 | C3: Monitor | D3: Electronics | E3: West | F3: 2 | G3: 15500 | H3: =F3*G3
A4: 1003 | B4: 46078 | C4: Laptop | D4: Electronics | E4: South | F4: 1 | G4: 54500 | H4: =F4*G4
A5: 1004 | B5: 46130 | C5: Laptop | D5: Electronics | E5: South | F5: 4 | G5: 55500 | H5: =F5*G5
A6: 1005 | B6: 46063 | C6: Office Chair | D6: Furniture | E6: West | F6: 5 | G6: 8000 | H6: =F6*G6
A7: 1006 | B7: 46078 | C7: Headphones | D7: Accessories | E7: East | F7: 5 | G7: 2200 | H7: =F7*G7
A8: 1007 | B8: 46047 | C8: Smartphone | D8: Electronics | E8: East | F8: 2 | G8: 25000 | H8: =F8*G8
A9: 1008 | B9: 46140 | C9: Headphones | D9: Accessories | E9: North | F9: 5 | G9: 1700 | H9: =F9*G9
A10: 1009 | B10: 46098 | C10: Printer | D10: Office | E10: East | F10: 2 | G10: 12500 | H10: =F10*G10
A11: 1010 | B11: 46192 | C11: Keyboard | D11: Accessories | E11: South | F11: 2 | G11: 1300 | H11: =F11*G11
A12: 1011 | B12: 46048 | C12: Mouse | D12: Accessories | E12: West | F12: 2 | G12: 900 | H12: =F12*G12
A13: 1012 | B13: 46064 | C13: Mouse | D13: Accessories | E13: East | F13: 8 | G13: 900 | H13: =F13*G13
... A61: 1060 | B61: 46057 | C61: Laptop | D61: Electronics | E61: East | F61: 5 | G61: 54500 | H61: =F61*G61

Sheet Pivot Analysis
A1: Sales Analysis Summary
A3: Overall Metrics
A4: Total Sales | B4: =SUM('Raw Data'!H2:H61)
A5: Total Orders | B5: =COUNTA('Raw Data'!A2:A61)
A6: Total Quantity | B6: =SUM('Raw Data'!F2:F61)
A7: Average Order Value | B7: =AVERAGE('Raw Data'!H2:H61)
A10: Category-wise Sales | D10: Region-wise Sales | G10: Product-wise Sales
A11: Category | B11: Sales | D11: Region | E11: Sales | G11: Product | H11: Sales
A12: Accessories | B12: =SUMIF('Raw Data'!D$2:D$61,A12,'Raw Data'!H$2:H$61) | D12: North | E12: =SUMIF('Raw Data'!E$2:E$61,D12,'Raw Data'!H$2:H$61) | G12: Headphones | H12: =SUMIF('Raw Data'!C$2:C$61,G12,'Raw Data'!H$2:H$61)
A13: Electronics | B13: =SUMIF('Raw Data'!D$2:D$61,A13,'Raw Data'!H$2:H$61) | D13: South | E13: =SUMIF('Raw Data'!E$2:E$61,D13,'Raw Data'!H$2:H$61) | G13: Keyboard | H13: =SUMIF('Raw Data'!C$2:C$61,G13,'Raw Data'!H$2:H$61)
A14: Furniture | B14: =SUMIF('Raw Data'!D$2:D$61,A14,'Raw Data'!H$2:H$61) | D14: East | E14: =SUMIF('Raw Data'!E$2:E$61,D14,'Raw Data'!H$2:H$61) | G14: Laptop | H14: =SUMIF('Raw Data'!C$2:C$61,G14,'Raw Data'!H$2:H$61)
A15: Office | B15: =SUMIF('Raw Data'!D$2:D$61,A15,'Raw Data'!H$2:H$61) | D15: West | E15: =SUMIF('Raw Data'!E$2:E$61,D15,'Raw Data'!H$2:H$61) | G15: Monitor | H15: =SUMIF('Raw Data'!C$2:C$61,G15,'Raw Data'!H$2:H$61)
G16: Mouse | H16: =SUMIF('Raw Data'!C$2:C$61,G16,'Raw Data'!H$2:H$61)
G17: Office Chair | H17: =SUMIF('Raw Data'!C$2:C$61,G17,'Raw Data'!H$2:H$61)
G18: Printer | H18: =SUMIF('Raw Data'!C$2:C$61,G18,'Raw Data'!H$2:H$61)
G19: Smartphone | H19: =SUMIF('Raw Data'!C$2:C$61,G19,'Raw Data'!H$2:H$61)

Sheet Insights
A1: Key Insights
A3: 1. The workbook contains a realistic 60-order sales dataset.
A4: 2. Sales are calculated using Quantity × Price.
A5: 3. Data is organized by product, category and region for filtering.
A6: 4. Category-wise and region-wise summaries are provided in Pivot Analysis.
A7: 5. Charts visualize category and regional sales performance.
A9: Submission Checklist
A10: ☑ Raw Data sheet completed
A11: ☑ Cleaned Data sheet completed
A12: ☑ Formulas used for Sales
A13: ☑ Sorting/filtering-ready table
A14: ☑ Summary analysis completed
... A16: ☑ Key insights documented
